tipo,n_registros,n_termos,n_topicos,perplexidade,log_likelihood
TCC,97260,3000,22,653.8104975272155,-6125270.713982519
Artigo,298606,3000,9,865.3302452389161,-13795042.585738108
Projeto,284992,3000,9,1318.1616322322416,-79539371.10045075
