tipo,n_registros,n_termos,n_topicos,perplexidade,log_likelihood
TCC,95802,3000,22,652.00079806013,-6025295.612824281
Artigo,293998,3000,9,1143.1119413801614,-12827905.313086215
Projeto,269377,3000,9,1343.5155694774617,-74972296.20392197
